adm1,LGA,year,llins_yn,llins_num,llin_month
Abia,Aba North,2015,1,,2
Abia,Aba South,2015,1,,2
Akwa lbom,Abak,2010,,,
Akwa Ibom,Abak,2014,1,,12
Akwa Ibom,Abak,2018,1,109963,
Ebonyi,Abakaliki,2015,1,,9
Ogun,Abeokuta North,2014,1,,3
Ogun,Abeokuta North,2018,1,180210,5
Ogun,Abeokuta South,2014,1,,3
Ogun,Abeokuta South,2018,1,196824,5
Cross River,Abi,2015,1,,9
Cross River,Abi,2018,1,116302,
Imo,Aboh-Mbaise,2017,1,146280,11
Rivers,Abua/Odual,2014,1,,10
Kogi,Adavi,2017,1,137000,
Benue,Ado,2016,1,121414,4
Ekiti,Ado Ekiti,2010,,,
Ekiti,Ado Ekiti,2014,1,,12
Ogun,Ado-Odo/Ota,2010,,,
Ogun,Ado-Odo/Ota,2014,1,,3
Ogun,Ado-Odo/Ota,2018,1,428229,5
Oyo,Afijio,2016,1,101576,11
Ebonyi,Afikpo North,2015,1,,9
Ebonyi,Afikpo South,2015,1,,9
Niger,Agaie,2014,1,,12
Niger,Agaie,2019,1,,12
Benue,Agatu,2016,1,77496,4
Anambra,Aguata,2014,1,,10
Niger,Agwara,2014,1,,12
Niger,Agwara,2019,1,,12
Imo,Ahiazu-Mbaise,2017,1,116975,11
Rivers,Ahoada East,2014,1,,10
Rivers,Ahoada West,2010,,,
Rivers,Ahoada West,2014,1,,10
Osun,Aiyedade,2017,1,99920,9
Osun,Aiyedire,2017,1,49863,9
Kogi,Ajaokuta,2017,1,76452,
Kano,Ajingi,2015,1,,3
Kano,Ajingi,2019,1,,10
Cross River,Akamkpa,2015,1,,9
Cross River,Akamkpa,2018,1,122390,
Oyo,Akinyele,2016,1,149931,11
Gombe,Akko,2010,,,
Gombe,Akko,2014,1,,10
Gombe,Akko,2018,1,326501,12
Ondo,Akoko North East,2017,1,129964,11
Ondo,Akoko North West,2017,1,136066,11
Ondo,Akoko South East,2017,1,55747,11
Ondo,Akoko South West,2017,1,165262,11
Edo ,Akoko-Edo,2017,1,163334,8
Cross River,Akpabuyo,2015,1,,9
Cross River,Akpabuyo,2018,1,218577,
Rivers,Akuku Toru,2014,1,,10
Ondo,Akure North,2017,1,101123,11
Ondo,Akure South,2017,1,305281,11
Nasarawa,Akwanga,2014,1,,10
Nasarawa,Akwanga,2018,1,92788,
Kano,Albasu,2015,1,,3
Kano,Albasu,2019,1,,10
Kebbi,Aleiro,2015,1,,1
Kebbi,Aleiro,2018,1,51124,
Bauchi,Alkaleri,2014,1,,10
Bauchi,Alkaleri,2018,1,271509,
Anambra,Anambra East,2014,1,,10
Anambra,Anambra West,2014,1,,10
Anambra,Anaocha,2010,,,
Anambra,Anaocha,2014,1,,10
Rivers,Andoni,2010,,,
Rivers,Andoni,2014,1,,10
Delta,Aniocha North,2018,1,76549,
Delta,Aniocha North,2019,1,76549,6
Delta,Aniocha South,2018,1,91682,
Delta,Aniocha South,2019,1,91682,6
Zamfara,Anka,2015,1,,9
Kogi,Ankpa,2017,1,175582,
Benue,Apa,2016,1,67283,4
Taraba,Ardo-Kola,2018,1,73661,
Taraba,Ardo-Kola,2019,1,73661,8
Kebbi,Arewa-Dandi,2015,1,,1
Kebbi,Arewa-Dandi,2018,1,150750,
Kebbi,Argungu,2015,1,,1
Kebbi,Argungu,2018,1,152500,
Abia,Arochukwu,2015,1,,2
Kwara,Asa,2017,1,87131,10
Rivers,Asari-Toru,2010,,,
Rivers,Asari-Toru,2014,1,,10
Osun,Atakumosa East,2017,1,55060,9
Osun,Atakumosa West,2017,1,49854,9
Oyo,Atiba,2016,1,125648,11
Oyo,Atigbo,2016,1,80678,11
Kebbi,Augie,2010,,,
Kebbi,Augie,2015,1,,1
Kebbi,Augie,2018,1,91150,
Jigawa,Auyo,2014,1,,10
Jigawa,Auyo,2018,1,112918,8
Nasarawa,Awe,2014,1,,10
Nasarawa,Awe,2018,1,92408,
Anambra,Awka North,2014,1,,10
Anambra,Awka South,2014,1,,10
Anambra,Ayamelum,2010,,,
Anambra,Ayamelum,2014,1,,10
Jigawa,Babura,2014,1,,10
Jigawa,Babura,2018,1,181985,8
Yobe,Bade,2018,1,236974,
Yobe,Bade,2019,1,236974,6
Kebbi,Bagudo,2015,1,,1
Kebbi,Bagudo,2018,1,173450,
Kano,Bagwai,2010,,,
Kano,Bagwai,2015,1,,3
Kano,Bagwai,2019,1,,10
Cross River,Bakassi,2015,1,,9
Cross River,Bakassi,2018,1,27150,
Katsina,Bakori,2015,1,,1
Katsina,Bakori,2018,1,134539,10
Zamfara,Bakura,2015,1,,9
Gombe,Balanga,2014,1,,10
Gombe,Balanga,2018,1,187758,12
Taraba,Bali,2018,1,168841,
Taraba,Bali,2019,1,168841,8
Plateau,Barikin Ladi,2015,1,,3
Kwara,Baruten,2017,1,163916,10
Kogi,Bassa1,2017,1,89527,
Plateau,Bassa2,2015,1,,3
Katsina,Batagarawa,2015,1,,1
Katsina,Batagarawa,2018,1,146507,10
Katsina,Batsari,2015,1,,1
Katsina,Batsari,2018,1,164462,10
Bauchi,Bauchi,2010,,,
Bauchi,Bauchi,2014,1,,10
Bauchi,Bauchi,2018,1,412322,
Katsina,Baure,2015,1,,1
Katsina,Baure,2018,1,161298,10
Kano,Bebeji,2010,,,
Kano,Bebeji,2015,1,,3
Kano,Bebeji,2019,1,,10
Cross River,Bekwara,2015,1,,9
Cross River,Bekwara,2018,1,81802,
Abia,Bende,2015,1,,2
Cross River,Biase,2015,1,,9
Cross River,Biase,2018,1,133600,
Kano,Bichi,2015,1,,3
Kano,Bichi,2019,1,,10
Niger,Bida,2014,1,,12
Niger,Bida,2019,1,,12
Gombe,Billiri,2014,1,,10
Gombe,Billiri,2018,1,161542,12
Katsina,Bindawa,2015,1,,1
Katsina,Bindawa,2018,1,126728,10
Sokoto,Binji,2013,1,,12
Sokoto,Binji,2017,1,79907,
Jigawa,Biriniwa,2014,1,,10
Jigawa,Biriniwa,2018,1,249709,8
Jigawa,Birni Kudu,2010,,,
Jigawa,Birni Kudu,2014,1,,10
Jigawa,Birni Kudu,2018,1,119912,8
Kebbi,Birnin Kebbi,2015,1,,1
Kebbi,Birnin Kebbi,2018,1,236245,
Zamfara,Birnin Magaji,2015,1,,9
Kaduna,Birnin-Gwari,2010,,,
Kaduna,Birnin-Gwari,2015,1,,3
Kaduna,Birnin-Gwari,2018,1,216451,
Kaduna,Birnin-Gwari,2019,1,216451,8
Sokoto,Bodinga,2013,1,,12
Sokoto,Bodinga,2017,1,145520,
Bauchi,Bogoro,2014,1,,10
Bauchi,Bogoro,2018,1,69073,
Cross River,Boki,2015,1,,9
Cross River,Boki,2018,1,150685,
Plateau,Bokkos,2015,1,,3
Osun,Boluwaduro,2017,1,48827,9
Delta,Bomadi,2018,1,74119,
Delta,Bomadi,2019,1,74119,6
Rivers,Bonny,2014,1,,10
Niger,Borgu,2010,,,
Niger,Borgu,2014,1,,12
Niger,Borgu,2019,1,,12
Osun,Boripe,2017,1,98470,9
Niger,Bosso,2014,1,,12
Niger,Bosso,2019,1,,12
Jigawa,Buji,2014,1,,10
Jigawa,Buji,2018,1,84138,8
Zamfara,Bukkuyum,2015,1,,9
Zamfara,Bungudu,2015,1,,9
Kano,Bunkure,2015,1,,3
Kano,Bunkure,2019,1,,10
Kebbi,Bunza,2015,1,,1
Kebbi,Bunza,2018,1,94318,
Yobe,Bursari,2018,1,116392,
Yobe,Bursari,2019,1,116392,6
Benue,Buruku,2016,1,141627,4
Delta,Burutu,2018,1,161612,
Delta,Burutu,2019,1,161612,6
Cross River,Calabar South,2015,1,,9
Cross River,Calabar South,2018,1,151108,
Cross River,Calabar-Municipal,2015,1,,9
Cross River,Calabar-Municipal,2018,1,144784,
Niger,Chanchaga,2010,,,
Niger,Chanchaga,2014,1,,12
Niger,Chanchaga,2019,1,,12
Katsina,Charanchi,2015,1,,1
Katsina,Charanchi,2018,1,118352,10
Kaduna,Chikun,2010,,,
Kaduna,Chikun,2015,1,,3
Kaduna,Chikun,2018,1,312337,
Kaduna,Chikun,2019,1,312337,8
Kano,Dala,2010,,,
Kano,Dala,2015,1,,3
Kano,Dala,2019,1,,10
Yobe,Damaturu,2018,1,183073,
Yobe,Damaturu,2019,1,183073,6
Bauchi,Damban,2010,,,
Bauchi,Damban,2014,1,,10
Bauchi,Damban,2018,1,124450,
Kano,Dambatta,2015,1,,3
Kano,Dambatta,2019,1,,10
Katsina,Dan Musa,2015,1,,1
Katsina,Dan Musa,2018,1,109166,10
Kebbi,Dandi,2015,1,,1
Kebbi,Dandi,2018,1,112139,
Katsina,Dandume,2015,1,,1
Katsina,Dandume,2018,1,123362,10
Sokoto,Dange-Shnsi,2010,,,
Sokoto,Dange-Shnsi,2013,1,,12
Sokoto,Dange-Shnsi,2017,1,148263,
Katsina,Danja,2015,1,,1
Katsina,Danja,2018,1,115358,10
Bauchi,Darazo,2014,1,,10
Bauchi,Darazo,2018,1,205417,
Bauchi,Dass,2014,1,,10
Bauchi,Dass,2018,1,74100,
Katsina,Daura,2015,1,,1
Katsina,Daura,2018,1,180192,10
Kano,Dawakin Kudu,2015,1,,3
Kano,Dawakin Kudu,2019,1,,10
Kano,Dawakin Tofa,2015,1,,3
Kano,Dawakin Tofa,2019,1,,10
Rivers,Degema,2014,1,,10
Kogi,Dekina,2017,1,129858,
Adamawa,Demsa,2017,1,134011,9
Kano,Doguwa,2015,1,,3
Kano,Doguwa,2019,1,,10
Nasarawa,Doma,2014,1,,10
Nasarawa,Doma,2018,1,110212,
Taraba,Donga,2018,1,110079,
Taraba,Donga,2019,1,110079,8
Gombe,Dukku,2010,,,
Gombe,Dukku,2014,1,,10
Gombe,Dukku,2018,1,163749,12
Anambra,Dunukofia,2014,1,,10
Jigawa,Dutse,2014,1,,10
Jigawa,Dutse,2018,1,251169,8
Katsina,Dutsi,2015,1,,1
Katsina,Dutsi,2018,1,102183,10
Katsina,Dutsin-Ma,2015,1,,1
Katsina,Dutsin-Ma,2018,1,154395,10
Akwa Ibom,Eastern Obolo,2014,1,,12
Akwa Ibom,Eastern Obolo,2018,1,42933,
Ebonyi,Ebonyi,2015,1,,9
Niger,Edati,2014,1,,12
Niger,Edati,2019,1,,12
Osun,Ede North,2017,1,59258,9
Osun,Ede South,2017,1,53365,9
Kwara,Edu,2017,1,146889,10
Ekiti,Efon-Alayee,2014,1,,12
Ogun,Egbado North,2010,,,
Ogun,Egbado North,2014,1,,3
Ogun,Egbado North,2018,1,168321,5
Ogun,Egbado South,2014,1,,3
Ogun,Egbado South,2018,1,129716,5
Oyo,Egbeda,2016,1,221725,11
Osun,Egbedore,2017,1,55181,9
Edo ,Egor,2017,1,260964,8
Imo,Ehime-Mbano,2017,1,84925,11
Osun,Ejigbo,2017,1,88596,9
Akwa Ibom,Eket,2014,1,,12
Akwa Ibom,Eket,2018,1,136516,
Kwara,Ekiti,2017,1,40353,10
Ekiti,Ekiti East,2014,1,,12
Ekiti,Ekiti South West,2014,1,,12
Ekiti,Ekiti West,2010,,,
Ekiti,Ekiti West,2014,1,,12
Anambra,Ekwusigo,2014,1,,10
Rivers,Eleme,2014,1,,10
Rivers,Emohua,2010,,,
Rivers,Emohua,2014,1,,10
Ekiti,Emure,2014,1,,12
Edo ,Esan Central,2017,1,67178,8
Edo ,Esan North East,2017,1,82186,8
Edo ,Esan South East,2017,1,112760,8
Edo ,Esan West,2017,1,73327,8
Ondo,Ese-Odo,2017,1,113702,11
Akwa Ibom,Esit Eket,2014,1,,12
Akwa Ibom,Esit Eket,2018,1,51627,
Akwa lbom,Essien Udim,2010,,,
Akwa Ibom,Essien Udim,2014,1,,12
Akwa Ibom,Essien Udim,2018,1,153738,
Rivers,Etche,2014,1,,10
Delta,Ethiope East,2018,1,142331,
Delta,Ethiope East,2019,1,142331,6
Delta,Ethiope West,2018,1,138369,
Delta,Ethiope West,2019,1,138369,6
Akwa Ibom,Etim Ekpo,2014,1,,12
Akwa Ibom,Etim Ekpo,2018,1,87011,
Akwa Ibom,Etinan,2014,1,,12
Akwa Ibom,Etinan,2018,1,136734,
Edo ,Etsako Central,2017,1,59868,8
Edo ,Etsako East,2017,1,100867,8
Edo ,Etsako West,2017,1,135081,8
Cross River,Etung,2015,1,,9
Cross River,Etung,2018,1,65250,
Ogun,Ewekoro,2014,1,,3
Ogun,Ewekoro,2018,1,48112,5
Imo,Ezinihitte,2017,1,103919,11
Ebonyi,Ezza North,2015,1,,9
Ebonyi,Ezza South,2015,1,,9
Kano,Fagge,2015,1,,3
Kano,Fagge,2019,1,,10
Kebbi,Fakai,2015,1,,1
Kebbi,Fakai,2018,1,94108,
Katsina,Faskari,2015,1,,1
Katsina,Faskari,2018,1,173298,10
Yobe,Fika,2018,1,202500,
Yobe,Fika,2019,1,202500,6
Adamawa,Fufore,2017,1,172556,9
Gombe,Funakaye,2014,1,,10
Gombe,Funakaye,2018,1,219463,12
Yobe,Fune,2018,1,226666,
Yobe,Fune,2019,1,226666,6
Katsina,Funtua,2015,1,,1
Katsina,Funtua,2018,1,184489,10
Kano,Gabasawa,2015,1,,3
Kano,Gabasawa,2019,1,,10
Sokoto,Gada,2013,1,,12
Sokoto,Gada,2017,1,190491,
Jigawa,Gagarawa,2014,1,,10
Jigawa,Gagarawa,2018,1,70111,8
Bauchi,Gamawa,2010,,,
Bauchi,Gamawa,2014,1,,10
Bauchi,Gamawa,2018,1,236300,
Adamawa,Ganaye,2010,,,
Adamawa,Ganaye,2017,1,124419,9
Bauchi,Ganjuwa,2014,1,,10
Bauchi,Ganjuwa,2018,1,231150,
Jigawa,Garki,2014,1,,10
Jigawa,Garki,2018,1,125022,8
Kano,Garko,2010,,,
Kano,Garko,2015,1,,3
Kano,Garko,2019,1,,10
Kano,Garum Mallam,2015,1,,3
Kano,Garum Mallam,2019,1,,10
Taraba,Gashaka,2018,1,74922,
Taraba,Gashaka,2019,1,74922,8
Taraba,Gassol,2018,1,217984,
Taraba,Gassol,2019,1,217984,8
Sokoto,Gawabawa,2013,1,,12
Sokoto,Gawabawa,2017,1,147671,
Kano,Gaya,2015,1,,3
Kano,Gaya,2019,1,,10
Niger,Gbako,2014,1,,12
Niger,Gbako,2019,1,,12
Benue,Gboko,2016,1,244086,4
Ekiti,Gboyin,2014,1,,12
Yobe,Geidam,2018,1,141134,
Yobe,Geidam,2019,1,141134,6
Kano,Gezawa,2015,1,,3
Kano,Gezawa,2019,1,,10
Bauchi,Giade,2010,,,
Bauchi,Giade,2014,1,,10
Bauchi,Giade,2018,1,129550,
Adamawa,Gireri,2017,1,103211,9
Kaduna,Giwa,2015,1,,3
Kaduna,Giwa,2018,1,225499,
Kaduna,Giwa,2019,1,225499,8
Rivers,Gokana,2010,,,
Rivers,Gokana,2014,1,,10
Gombe,Gombe,2010,,,
Gombe,Gombe,2014,1,,10
Gombe,Gombe,2018,1,248696,12
Adamawa,Gombi,2017,1,121768,9
Sokoto,Goronyo,2013,1,,12
Sokoto,Goronyo,2017,1,72234,
Sokoto,Gudu,2013,1,,12
Sokoto,Gudu,2017,1,177219,
Yobe,Gujba,2018,1,118489,
Yobe,Gujba,2019,1,118489,6
Yobe,Gulani,2018,1,106140,
Yobe,Gulani,2019,1,106140,6
Benue,Guma,2016,1,132954,4
Jigawa,Gumel,2014,1,,10
Jigawa,Gumel,2018,1,84622,8
Zamfara,Gummi,2015,1,,9
Niger,Gurara,2014,1,,12
Niger,Gurara,2019,1,,12
Jigawa,Guri,2014,1,,10
Jigawa,Guri,2018,1,99275,8
Zamfara,Gusau,2015,1,,9
Adamawa,Guyuk,2017,1,132247,9
Kano,Gwale,2015,1,,3
Kano,Gwale,2019,1,,10
Kebbi,Gwandu,2010,,,
Kebbi,Gwandu,2015,1,,1
Kebbi,Gwandu,2018,1,116013,
Jigawa,Gwaram,2010,,,
Jigawa,Gwaram,2014,1,,10
Jigawa,Gwaram,2018,1,219747,8
Kano,Gwarzo,2015,1,,3
Kano,Gwarzo,2019,1,,10
Benue,Gwer East,2016,1,111598,4
Benue,Gwer West,2016,1,85630,4
Jigawa,Gwiwa,2014,1,,10
Jigawa,Gwiwa,2018,1,94893,8
Jigawa,Hadejia,2014,1,,10
Jigawa,Hadejia,2018,1,91995,8
Adamawa,Hong,2017,1,126061,9
Oyo,Ibadan North,2016,1,215557,11
Oyo,Ibadan North East,2016,1,264250,11
Oyo,Ibadan North West,2016,1,101362,11
Oyo,Ibadan South East,2016,1,183045,11
Oyo,Ibadan South West,2016,1,201073,11
Kogi,Ibaji,2017,1,81164,
Oyo,Ibarapa Central,2016,1,69143,11
Oyo,Ibarapa East,2016,1,88225,11
Oyo,Ibarapa North,2016,1,78122,11
Akwa Ibom,Ibeno,2014,1,,12
Akwa Ibom,Ibeno,2018,1,57550,
Akwa lbom,Ibesikpo Asutan,2010,,,
Akwa Ibom,Ibesikpo Asutan,2014,1,,12
Akwa Ibom,Ibesikpo Asutan,2018,1,106012,
Taraba,Ibi,2018,1,68333,
Taraba,Ibi,2019,1,68333,8
Akwa Ibom,Ibiono Ibom,2014,1,,12
Akwa Ibom,Ibiono Ibom,2018,1,155070,
Kogi,Idah,2017,1,47258,
Ondo,Idanre,2017,1,91075,11
Imo,Ideato North,2017,1,115686,11
Imo,Ideato South,2017,1,114313,11
Anambra,Idemili North,2014,1,,10
Anambra,Idemili South,2014,1,,10
Oyo,Ido,2016,1,64034,11
Ekiti,Idosi-Osi,2014,1,,12
Osun,Ife Central,2017,1,117445,9
Osun,Ife East,2017,1,141763,9
Osun,Ife North,2017,1,109204,9
Osun,Ife South,2017,1,104347,9
Osun,Ifedayo,2017,1,26497,9
Ondo,Ifedore,2017,1,97841,11
Kwara,Ifelodun1,2017,1,125447,10
Osun,Ifelodun2,2017,1,69168,9
Ogun,Ifo,2014,1,,3
Ogun,Ifo,2018,1,392467,5
Kaduna,Igabi,2015,1,,3
Kaduna,Igabi,2018,1,349769,
Kaduna,Igabi,2019,1,349769,8
Kogi,Igalamela-Odolu,2017,1,77112,
Edo ,Igueben,2017,1,28257,8
Anambra,Ihiala,2010,,,
Anambra,Ihiala,2014,1,,10
Imo,Ihitte/Uboma,2017,1,80551,11
Ogun,Ijebu East,2014,1,,3
Ogun,Ijebu East,2018,1,84970,5
Ogun,Ijebu North,2010,,,
Ogun,Ijebu North,2014,1,,3
Ogun,Ijebu North,2018,1,202568,5
Ogun,Ijebu North East,2014,1,,3
Ogun,Ijebu North East,2018,1,53131,5
Ogun,Ijebu ode,2014,1,,3
Ogun,Ijebu ode,2018,1,113645,5
Ekiti,Ijero,2014,1,,12
Kogi,Ijumu,2017,1,66798,
Akwa Ibom,Ika,2014,1,,12
Akwa Ibom,Ika,2018,1,56597,
Delta,Ika North East,2018,1,126989,
Delta,Ika North East,2019,1,126989,6
Delta,Ika South,2018,1,110958,
Delta,Ika South,2019,1,110958,6
Kaduna,Ikara,2015,1,,3
Kaduna,Ikara,2018,1,174674,
Kaduna,Ikara,2019,1,174674,8
Imo,Ikeduru,2017,1,102057,11
Ogun,Ikenne,2014,1,,3
Ogun,Ikenne,2018,1,86684,5
Ekiti,Ikere,2014,1,,12
Ekiti,Ikole,2014,1,,12
Cross River,Ikom,2015,1,,9
Cross River,Ikom,2018,1,134173,
Akwa Ibom,Ikono,2014,1,,12
Akwa Ibom,Ikono,2018,1,104229,
Akwa lbom,Ikot Abasi,2010,,,
Akwa Ibom,Ikot Abasi,2014,1,,12
Akwa Ibom,Ikot Abasi,2018,1,102336,
Akwa Ibom,Ikot Ekpene,2014,1,,12
Akwa Ibom,Ikot Ekpene,2018,1,103162,
Edo ,Ikpoba-Okha,2017,1,246043,8
Rivers,Ikwerre,2010,,,
Rivers,Ikwerre,2014,1,,10
Ebonyi,Ikwo,2015,1,,9
Abia,Ikwuano,2015,1,,2
Osun,Ila,2017,1,46867,9
Ondo,Ilaje,2017,1,210530,11
Ekiti,Ilemeji,2014,1,,12
Ondo,Ile-Oluji-Okeigbo,2017,1,113020,11
Osun,Ilesha East,2017,1,84877,9
Osun,Ilesha West,2017,1,79188,9
Sokoto,Illela,2010,,,
Sokoto,Illela,2013,1,,12
Sokoto,Illela,2017,1,114796,
Kwara,Ilorin East,2017,1,153974,10
Kwara,Ilorin South,2017,1,150905,10
Kwara,Ilorin West,2017,1,251750,10
Ogun,Imeko-Afon,2014,1,,3
Ogun,Imeko-Afon,2018,1,66172,5
Katsina,Ingawa,2015,1,,1
Katsina,Ingawa,2018,1,138330,10
Akwa Ibom,Ini,2014,1,,12
Akwa Ibom,Ini,2018,1,77267,
Ogun,Ipokia,2014,1,,3
Ogun,Ipokia,2018,1,131381,5
Ondo,Irele,2017,1,103357,11
Oyo,Irepo,2016,1,93612,11
Ekiti,Irepodun/Ifelodun,2010,,,
Ekiti,Irepodun/Ifelodun,2014,1,,12
Kwara,Irepodun1,2017,1,107678,10
Osun,Irepodun2,2017,1,85768,9
Osun,Irewole,2017,1,107763,9
Sokoto,Isa,2013,1,,12
Sokoto,Isa,2017,1,112117,
Ekiti,Ise/Orun,2014,1,,12
Oyo,Iseyin,2016,1,172223,11
Ebonyi,Ishielu,2015,1,,9
Imo,Isiala Mbano,2017,1,129476,11
Abia,Isiala-Ngwa North,2015,1,,2
Abia,Isiala-Ngwa South,2015,1,,2
Kwara,Isin,2017,1,44907,10
Osun,Isokan,2017,1,77874,9
Delta,Isoko North,2018,1,112418,
Delta,Isoko North,2019,1,112418,6
Delta,Isoko South,2018,1,163152,
Delta,Isoko South,2019,1,163152,6
Imo,Isu,2017,1,119537,11
Abia,Isuikwato,2015,1,,2
Bauchi,Itas/Gadau,2014,1,,10
Bauchi,Itas/Gadau,2018,1,187447,
Oyo,Itesiwaju,2016,1,98695,11
Akwa Ibom,Itu,2014,1,,12
Akwa Ibom,Itu,2018,1,105317,
Ebonyi,Ivo,2015,1,,9
Oyo,Iwajowa,2016,1,74838,11
Osun,Iwo,2017,1,137976,9
Ebonyi,Izzi,2015,1,,9
Kaduna,Jaba,2015,1,,3
Kaduna,Jaba,2018,1,134764,
Kaduna,Jaba,2019,1,134764,8
Adamawa,Jada,2017,1,135614,9
Jigawa,Jahun,2014,1,,10
Jigawa,Jahun,2018,1,182617,8
Yobe,Jakusko,2018,1,133210,
Yobe,Jakusko,2019,1,133210,6
Taraba,Jalingo,2018,1,116777,
Taraba,Jalingo,2019,1,116777,8
Bauchi,Jama'are,2014,1,,10
Bauchi,Jama'are,2018,1,97100,
Kebbi,Jega,2015,1,,1
Kebbi,Jega,2018,1,149720,
Kaduna,Jema'a,2015,1,,3
Kaduna,Jema'a,2018,1,238220,
Kaduna,Jema'a,2019,1,238220,8
Katsina,Jibia,2015,1,,1
Katsina,Jibia,2018,1,145666,10
Plateau,Jos East,2015,1,,3
Plateau,Jos North,2015,1,,3
Plateau,Jos South,2015,1,,3
Kogi,Kabba/Bunu,2017,1,85918,
Kano,Kabo,2010,,,
Kano,Kabo,2015,1,,3
Kano,Kabo,2019,1,,10
Kaduna,Kachia,2015,1,,3
Kaduna,Kachia,2018,1,201683,
Kaduna,Kachia,2019,1,201683,8
Kaduna,Kaduna North,2010,,,
Kaduna,Kaduna North,2015,1,,3
Kaduna,Kaduna North,2018,1,300306,
Kaduna,Kaduna North,2019,1,300306,8
Kaduna,Kaduna South,2015,1,,3
Kaduna,Kaduna South,2018,1,311205,
Kaduna,Kaduna South,2019,1,311205,8
Jigawa,Kafin Hausa,2010,,,
Jigawa,Kafin Hausa,2014,1,,10
Jigawa,Kafin Hausa,2018,1,221006,8
Katsina,Kafur,2015,1,,1
Katsina,Kafur,2018,1,165841,10
Kaduna,Kagarko,2015,1,,3
Kaduna,Kagarko,2018,1,192690,
Kaduna,Kagarko,2019,1,192690,8
Kwara,Kaiama,2017,1,97184,10
Katsina,kaita,2015,1,,1
Katsina,kaita,2018,1,159507,10
Oyo,Kajola,2016,1,142071,11
Kaduna,Kajuru,2015,1,,3
Kaduna,Kajuru,2018,1,104622,
Kaduna,Kajuru,2019,1,104622,8
Kebbi,Kalgo,2015,1,,1
Kebbi,Kalgo,2018,1,65341,
Gombe,Kaltungo,2014,1,,10
Gombe,Kaltungo,2018,1,119904,12
Plateau,Kanam,2015,1,,3
Katsina,Kankara,2015,1,,1
Katsina,Kankara,2018,1,223646,10
Plateau,Kanke,2015,1,,3
Katsina,Kankia,2015,1,,1
Katsina,Kankia,2018,1,124442,10
Kano,Kano Municipal,2015,1,,3
Kano,Kano Municipal,2019,1,,10
Yobe,Karasuwa,2018,1,62975,
Yobe,Karasuwa,2019,1,62975,6
Kano,Karaye,2015,1,,3
Kano,Karaye,2019,1,,10
Taraba,Karin-Lamido,2018,1,156997,
Taraba,Karin-Lamido,2019,1,156997,8
Nasarawa,Karu,2014,1,,10
Nasarawa,Karu,2018,1,345958,
Bauchi,Katagum,2010,,,
Bauchi,Katagum,2014,1,,10
Bauchi,Katagum,2018,1,243737,
Niger,Katcha,2010,,,
Niger,Katcha,2014,1,,12
Niger,Katcha,2019,1,,12
Katsina,Katsina,2015,1,,1
Katsina,Katsina,2018,1,317782,10
Benue,Katsina-Ala,2016,1,156733,4
Jigawa,Kaugama,2014,1,,10
Jigawa,Kaugama,2018,1,109321,8
Kaduna,Kaura,2015,1,,3
Kaduna,Kaura,2018,1,175754,
Kaduna,Kaura,2019,1,175754,8
Zamfara,Kaura Namoda,2015,1,,9
Kaduna,Kauru,2010,,,
Kaduna,Kauru,2015,1,,3
Kaduna,Kauru,2018,1,148424,
Kaduna,Kauru,2019,1,148424,8
Jigawa,Kazaure,2014,1,,10
Jigawa,Kazaure,2018,1,126033,8
Nasarawa,Keana,2014,1,,10
Nasarawa,Keana,2018,1,48978,
Sokoto,Kebbe,2013,1,,12
Sokoto,Kebbe,2017,1,97002,
Nasarawa,Keffi,2014,1,,10
Nasarawa,Keffi,2018,1,120013,
Rivers,Khana,2014,1,,10
Kano,Kibiya,2015,1,,3
Kano,Kibiya,2019,1,,10
Bauchi,Kirfi,2014,1,,10
Bauchi,Kirfi,2018,1,121250,
Jigawa,Kiri Kasamma,2014,1,,10
Jigawa,Kiri Kasamma,2018,1,175215,8
Kano,Kiru,2015,1,,3
Kano,Kiru,2019,1,,10
Jigawa,kiyawa,2014,1,,10
Jigawa,kiyawa,2018,1,151480,8
Kogi,Kogi,2017,1,76160,
Kebbi,Koko/Besse,2010,,,
Kebbi,Koko/Besse,2015,1,,1
Kebbi,Koko/Besse,2018,1,120150,
Nasarawa,Kokona,2014,1,,10
Nasarawa,Kokona,2018,1,83125,
Benue,Konshisha,2016,1,159928,4
Niger,Kontagora,2014,1,,12
Niger,Kontagora,2019,1,,12
Kaduna,Kubau,2015,1,,3
Kaduna,Kubau,2018,1,246339,
Kaduna,Kubau,2019,1,246339,8
Kaduna,Kudan,2015,1,,3
Kaduna,Kudan,2018,1,125497,
Kaduna,Kudan,2019,1,125497,8
Kano,Kumbotso,2015,1,,3
Kano,Kumbotso,2019,1,,10
Kano,Kunchi,2015,1,,3
Kano,Kunchi,2019,1,,10
Kano,Kura,2010,,,
Kano,Kura,2015,1,,3
Kano,Kura,2019,1,,10
Katsina,Kurfi,2015,1,,1
Katsina,Kurfi,2018,1,110983,10
Taraba,Kurmi,2018,1,73135,
Taraba,Kurmi,2019,1,73135,8
Katsina,Kusada,2015,1,,1
Katsina,Kusada,2018,1,81025,10
Gombe,Kwami,2014,1,,10
Gombe,Kwami,2018,1,169807,12
Benue,Kwande,2016,1,174673,4
Sokoto,Kware,2013,1,,12
Sokoto,Kware,2017,1,99700,
Nasarawa,Lafia,2014,1,,10
Nasarawa,Lafia,2018,1,207998,
Oyo,Lagelu,2016,1,97486,11
Adamawa,Lamurde,2010,,,
Adamawa,Lamurde,2017,1,94499,9
Plateau,Langtang North,2015,1,,3
Plateau,Langtang South,2015,1,,3
Niger,Lapai,2014,1,,12
Niger,Lapai,2019,1,,12
Taraba,Lau,2018,1,81841,
Taraba,Lau,2019,1,81841,8
Niger,Lavun,2010,,,
Niger,Lavun,2014,1,,12
Niger,Lavun,2019,1,,12
Kaduna,Lere,2010,,,
Kaduna,Lere,2015,1,,3
Kaduna,Lere,2018,1,290743,
Kaduna,Lere,2019,1,290743,8
Benue,Logo,2016,1,118079,4
Kogi,Lokoja,2017,1,161117,
Yobe,Machina,2018,1,57274,
Yobe,Machina,2019,1,57274,6
Adamawa,Madagali,2010,,,
Adamawa,Madagali,2017,1,107857,9
Kano,Madobi,2015,1,,3
Kano,Madobi,2019,1,,10
Niger,Magama,2010,,,
Niger,Magama,2014,1,,12
Niger,Magama,2019,1,,12
Katsina,Mai'Adua,2015,1,,1
Katsina,Mai'Adua,2018,1,166819,10
Jigawa,Maigatari,2014,1,,10
Jigawa,Maigatari,2018,1,149266,8
Adamawa,Maiha,2017,1,88129,9
Kebbi,Maiyama,2015,1,,1
Kebbi,Maiyama,2018,1,136827,
Kano,Makoda,2015,1,,3
Kano,Makoda,2019,1,,10
Benue,Makurdi,2016,1,208477,4
Jigawa,Malam Madori,2010,,,
Jigawa,Malam Madori,2014,1,,10
Jigawa,Malam Madori,2018,1,124187,8
Katsina,Malumfashi,2015,1,,1
Katsina,Malumfashi,2018,1,160745,10
Plateau,Mangu,2015,1,,3
Katsina,Mani,2015,1,,1
Katsina,Mani,2018,1,145379,10
Zamfara,Maradun,2015,1,,9
Niger,Mariga,2014,1,,12
Niger,Mariga,2019,1,,12
Kaduna,Markafi,2010,,,
Kaduna,Markafi,2015,1,,3
Kaduna,Markafi,2018,1,122102,
Kaduna,Markafi,2019,1,122102,8
Zamfara,Maru,2015,1,,9
Niger,Mashegu,2014,1,,12
Niger,Mashegu,2019,1,,12
Katsina,Mashi,2015,1,,1
Katsina,Mashi,2018,1,141609,10
Katsina,Matazuu,2015,1,,1
Katsina,Matazuu,2018,1,103803,10
Adamawa,Mayo-Belwa,2017,1,119598,9
Imo,Mbaitoli,2017,1,168233,11
Akwa Ibom,Mbo,2014,1,,12
Akwa Ibom,Mbo,2018,1,82132,
Adamawa,Michika,2010,,,
Adamawa,Michika,2017,1,115899,9
Jigawa,Miga,2014,1,,10
Jigawa,Miga,2018,1,112481,8
Plateau,Mikang,2015,1,,3
Kano,Minjibir,2015,1,,3
Kano,Minjibir,2019,1,,10
Bauchi,Misau,2010,,,
Bauchi,Misau,2014,1,,10
Bauchi,Misau,2018,1,216954,
Akwa Ibom,Mkpat Enin,2014,1,,12
Akwa Ibom,Mkpat Enin,2018,1,142776,
Ekiti,Moba,2014,1,,12
Niger,Mokwa,2014,1,,12
Niger,Mokwa,2019,1,,12
Kogi,Mopa-Muro,2017,1,31348,
Kwara,Moro,2017,1,78462,10
Adamawa,Mubi North,2010,,,
Adamawa,Mubi North,2017,1,110774,9
Adamawa,Mubi South,2017,1,105154,9
Katsina,Musawa,2015,1,,1
Katsina,Musawa,2018,1,137788,10
Niger,Muya,2014,1,,12
Niger,Muya,2019,1,,12
Gombe,Nafada,2014,1,,10
Gombe,Nafada,2018,1,111391,12
Yobe,Nangere,2018,1,118010,
Yobe,Nangere,2019,1,118010,6
Kano,Nasarawa1,2015,1,,3
Kano,Nasarawa1,2019,1,,10
Nasarawa,Nasarawa2,2014,1,,10
Nasarawa,Nasarawa2,2018,1,141918,
Nasarawa,Nasarawa-Eggon,2014,1,,10
Nasarawa,Nasarawa-Eggon,2018,1,106042,
Delta,Ndokwa East,2018,1,98809,
Delta,Ndokwa East,2019,1,98809,6
Delta,Ndokwa West,2018,1,120078,
Delta,Ndokwa West,2019,1,120078,6
Kebbi,Ngaski,2015,1,,1
Kebbi,Ngaski,2018,1,96050,
Imo,Ngor-Okpala,2017,1,109565,11
Yobe,Nguru,2018,1,104936,
Yobe,Nguru,2019,1,104936,6
Bauchi,Ningi,2010,,,
Bauchi,Ningi,2014,1,,10
Bauchi,Ningi,2018,1,318900,
Imo,Njaba,2017,1,71652,11
Anambra,Njikoka,2014,1,,10
Imo,Nkwerre,2017,1,57038,11
Anambra,Nnewi North,2010,,,
Anambra,Nnewi North,2014,1,,10
Anambra,Nnewi South,2014,1,,10
Akwa Ibom,Nsit Atai,2014,1,,12
Akwa Ibom,Nsit Atai,2018,1,59127,
Akwa Ibom,Nsit Ibom,2014,1,,12
Akwa Ibom,Nsit Ibom,2018,1,84104,
Akwa Ibom,Nsit Ubium,2014,1,,12
Akwa Ibom,Nsit Ubium,2018,1,85594,
Adamawa,Numan,2017,1,72120,9
Imo,Nwangele,2017,1,78798,11
Ogun,Obafemi-Owode,2014,1,,3
Ogun,Obafemi-Owode,2018,1,176026,5
Cross River,Obanliku,2015,1,,9
Cross River,Obanliku,2018,1,92068,
Abia,Obi Nwa,2015,1,,2
Benue,Obi1,2016,1,68479,4
Nasarawa,Obi2,2014,1,,10
Nasarawa,Obi2,2018,1,108771,
Rivers,Obia/Akpor,2010,,,
Rivers,Obia/Akpor,2014,1,,10
Osun,Obokun,2017,1,75247,9
Akwa lbom,Obot Akara,2010,,,
Akwa Ibom,Obot Akara,2014,1,,12
Akwa Ibom,Obot Akara,2018,1,120576,
Imo,Obowo,2017,1,84709,11
Cross River,Obubra,2015,1,,9
Cross River,Obubra,2018,1,136320,
Cross River,Obudu,2015,1,,9
Cross River,Obudu,2018,1,128611,
Ogun,Odeda,2014,1,,3
Ogun,Odeda,2018,1,89699,5
Ondo,Odigbo,2017,1,157002,11
Ogun,Odogbolu,2014,1,,3
Ogun,Odogbolu,2018,1,94352,5
Osun,Odo-Otin,2017,1,99875,9
Cross River,Odukpani,2015,1,,9
Cross River,Odukpani,2018,1,155050,
Kwara,Offa,2017,1,65549,10
Kogi,Ofu,2017,1,118041,
Rivers,Ogba/Egbema/Ndoni,2014,1,,10
Benue,Ogbadibo,2016,1,75002,4
Anambra,Ogbaru,2014,1,,10
Oyo,Ogbomosho North,2016,1,152207,11
Oyo,Ogbomosho South,2016,1,69979,11
Oyo,Ogo Oluwa,2016,1,44395,11
Cross River,Ogoja,2015,1,,9
Cross River,Ogoja,2018,1,143932,
Kogi,Ogori/Mangongo,2017,1,24283,
Rivers,Ogu/Bolo,2010,,,
Rivers,Ogu/Bolo,2014,1,,10
Ogun,Ogun waterside,2014,1,,3
Ogun,Ogun waterside,2018,1,59380,5
Imo,Oguta,2017,1,93217,11
Abia,Ohafia,2015,1,,2
Imo,Ohaji/Egbema,2017,1,150457,11
Ebonyi,Ohaozara,2015,1,,9
Ebonyi,Ohaukwu,2015,1,,9
Benue,Ohimini,2016,1,47233,4
Benue,Oju,2016,1,131246,4
Kwara,Oke-Ero,2017,1,42639,10
Kogi,Okehi,2017,1,132079,
Kogi,Okene,2017,1,210500,
Imo,Okigwe,2017,1,80213,11
Ondo,Okitipupa,2017,1,162691,11
Akwa Ibom,Okobo,2014,1,,12
Akwa Ibom,Okobo,2018,1,81353,
Delta,Okpe,2018,1,100247,
Delta,Okpe,2019,1,100247,6
Benue,Okpokwu,2016,1,125405,4
Rivers,Okrika,2014,1,,10
Kogi,Olamabolo,2017,1,99592,
Osun,Ola-oluwa,2017,1,57148,9
Osun,Olorunda,2017,1,97823,9
Oyo,Olorunsogo,2016,1,60063,11
Oyo,Oluyole,2016,1,156552,11
Kogi,Omala,2017,1,70500,
Rivers,Omumma,2014,1,,10
Oyo,Ona-Ara,2016,1,195319,11
Ondo,Ondo East,2017,1,54660,11
Ondo,Ondo West,2017,1,201470,11
Ebonyi,Onicha,2015,1,,9
Anambra,Onitsha North,2014,1,,10
Anambra,Onitsha South,2010,,,
Anambra,Onitsha South,2014,1,,10
Akwa Ibom,Onna,2014,1,,12
Akwa Ibom,Onna,2018,1,102362,
Rivers,Opobo/Nkoro,2014,1,,10
Edo ,Oredo,2017,1,220695,8
Oyo,Orelope,2016,1,76004,11
Edo ,Orhionmwon,2017,1,91902,8
Oyo,Ori Ire,2016,1,90666,11
Osun,Oriade,2017,1,111817,9
Imo,Orlu,2017,1,104241,11
Osun,Orolu,2017,1,73556,9
Akwa Ibom,Oron,2014,1,,12
Akwa Ibom,Oron,2018,1,63863,
Imo,Orsu,2017,1,84154,11
Imo,Oru East,2017,1,80698,11
Imo,Oru West,2017,1,81832,11
Akwa lbom,Oruk Anam,2010,,,
Akwa Ibom,Oruk Anam,2014,1,,12
Akwa Ibom,Oruk Anam,2018,1,138393,
Anambra,Orumba North,2014,1,,10
Anambra,Orumba South,2014,1,,10
Ondo,Ose,2017,1,102190,11
Delta,Oshimili North,2018,1,84101,
Delta,Oshimili North,2019,1,84101,6
Delta,Oshimili South,2018,1,176598,
Delta,Oshimili South,2019,1,176598,6
Abia,Osisioma Ngwa,2015,1,,2
Osun,Osogbo,2017,1,108145,9
Benue,Oturkpo,2016,1,175520,4
Edo ,Ovia North East,2017,1,87829,8
Edo ,Ovia South West,2017,1,90346,8
Edo ,Owan East,2017,1,115258,8
Edo ,Owan West,2017,1,69516,8
Imo,Owerri North,2017,1,138490,11
Imo,Owerri West,2017,1,75938,11
Imo,Owerri-Municipal,2017,1,113320,11
Ondo,Owo,2017,1,147227,11
Ekiti,Oye,2014,1,,12
Anambra,Oyi,2010,,,
Anambra,Oyi,2014,1,,10
Rivers,Oyigbo,2014,1,,10
Oyo,Oyo East,2016,1,95841,11
Oyo,Oyo West,2016,1,101934,11
Kwara,Oyun,2017,1,55363,10
Niger,Pailoro,2010,,,
Niger,Pailoro,2014,1,,12
Niger,Pailoro,2019,1,,12
Plateau,Pankshin,2015,1,,3
Delta,Patani,2018,1,58281,
Delta,Patani,2019,1,58281,6
Kwara,Pategi,2017,1,87574,10
Rivers,Port-Harcourt,2010,,,
Rivers,Port-Harcourt,2014,1,,10
Yobe,Potiskum,2018,1,276852,
Yobe,Potiskum,2019,1,276852,6
Plateau,Qua'an Pan,2015,1,,3
Sokoto,Rabah,2013,1,,12
Sokoto,Rabah,2017,1,122209,
Niger,Rafi,2014,1,,12
Niger,Rafi,2019,1,,12
Kano,Rano,2015,1,,3
Kano,Rano,2019,1,,10
Ogun,Remo North,2010,,,
Ogun,Remo North,2014,1,,3
Ogun,Remo North,2018,1,45343,5
Niger,Rijau,2014,1,,12
Niger,Rijau,2019,1,,12
Katsina,Rimi,2015,1,,1
Katsina,Rimi,2018,1,133564,10
Kano,Rimin Gado,2015,1,,3
Kano,Rimin Gado,2019,1,,10
Jigawa,Ringim,2014,1,,10
Jigawa,Ringim,2018,1,152720,8
Plateau,Riyom,2015,1,,3
Kano,Rogo,2015,1,,3
Kano,Rogo,2019,1,,10
Jigawa,Roni,2014,1,,10
Jigawa,Roni,2018,1,68260,8
Sokoto,Sabon Birni,2013,1,,12
Sokoto,Sabon Birni,2017,1,153237,
Kaduna,Sabon-Gari,2015,1,,3
Kaduna,Sabon-Gari,2018,1,244548,
Kaduna,Sabon-Gari,2019,1,244548,8
Katsina,Sabuwa,2015,1,,1
Katsina,Sabuwa,2018,1,112508,10
Katsina,Safana,2015,1,,1
Katsina,Safana,2018,1,158519,10
Kebbi,Sakaba,2015,1,,1
Kebbi,Sakaba,2018,1,69650,
Oyo,Saki East,2016,1,80171,11
Oyo,Saki West,2016,1,214625,11
Katsina,Sandamu,2015,1,,1
Katsina,Sandamu,2018,1,109939,10
Kaduna,Sanga,2015,1,,3
Kaduna,Sanga,2018,1,122853,
Kaduna,Sanga,2019,1,122853,8
Delta,Sapele,2018,1,140607,
Delta,Sapele,2019,1,140607,6
Taraba,Sardauna,2018,1,176930,
Taraba,Sardauna,2019,1,176930,8
Ogun,Shagamu,2014,1,,3
Ogun,Shagamu,2018,1,187703,5
Sokoto,Shagari,2010,,,
Sokoto,Shagari,2013,1,,12
Sokoto,Shagari,2017,1,115212,
Kebbi,Shanga,2015,1,,1
Kebbi,Shanga,2018,1,107132,
Kano,Shanono,2015,1,,3
Kano,Shanono,2019,1,,10
Adamawa,Shelleng,2017,1,115506,9
Plateau,Shendam,2015,1,,3
Zamfara,Shinkafi,2015,1,,9
Bauchi,Shira,2010,,,
Bauchi,Shira,2014,1,,10
Bauchi,Shira,2018,1,192806,
Niger,Shiroro,2010,,,
Niger,Shiroro,2014,1,,12
Niger,Shiroro,2019,1,,12
Gombe,Shomgom,2010,,,
Gombe,Shomgom,2014,1,,10
Gombe,Shomgom,2018,1,121289,12
Sokoto,Silame,2013,1,,12
Sokoto,Silame,2017,1,79409,
Kaduna,Soba,2010,,,
Kaduna,Soba,2015,1,,3
Kaduna,Soba,2018,1,250365,
Kaduna,Soba,2019,1,250365,8
Sokoto,Sokoto North,2013,1,,12
Sokoto,Sokoto North,2017,1,192856,
Sokoto,Sokoto South,2010,,,
Sokoto,Sokoto South,2013,1,,12
Sokoto,Sokoto South,2017,1,143126,
Adamawa,Song,2010,,,
Adamawa,Song,2017,1,149721,9
Niger,Suleja,2014,1,,12
Niger,Suleja,2019,1,,12
Jigawa,Sule-Tankarkar,2014,1,,10
Jigawa,Sule-Tankarkar,2018,1,109871,8
Kano,Sumaila,2015,1,,3
Kano,Sumaila,2019,1,,10
Kebbi,Suru,2015,1,,1
Kebbi,Suru,2018,1,121978,
Oyo,Surulere2,2016,1,106963,11
Niger,Tafa,2014,1,,12
Niger,Tafa,2019,1,,12
Bauchi,Tafawa-Balewa,2014,1,,10
Bauchi,Tafawa-Balewa,2018,1,184789,
Rivers,Tai,2014,1,,10
Kano,Takali,2015,1,,3
Kano,Takali,2019,1,,10
Taraba,Takum,2018,1,107041,
Taraba,Takum,2019,1,107041,8
Zamfara,Talata Mafara,2015,1,,9
Sokoto,Tambuwal,2013,1,,12
Sokoto,Tambuwal,2017,1,167992,
Sokoto,Tangaza,2013,1,,12
Sokoto,Tangaza,2017,1,87019,
Kano,Tarauni,2015,1,,3
Kano,Tarauni,2019,1,,10
Benue,Tarka,2016,1,54074,4
Yobe,Tarmua,2018,1,61698,
Yobe,Tarmua,2019,1,61698,6
Jigawa,Taura,2014,1,,10
Jigawa,Taura,2018,1,110908,8
Kano,Tofa,2010,,,
Kano,Tofa,2015,1,,3
Kano,Tofa,2019,1,,10
Bauchi,Toro,2014,1,,10
Bauchi,Toro,2018,1,289150,
Nasarawa,Toto,2014,1,,10
Nasarawa,Toto,2018,1,86129,
Adamawa,Toungo,2017,1,47558,9
Zamfara,Tsafe,2015,1,,9
Kano,Tsanyawa,2015,1,,3
Kano,Tsanyawa,2019,1,,10
Kano,Tudun Wada,2015,1,,3
Kano,Tudun Wada,2019,1,,10
Sokoto,Tureta,2013,1,,12
Sokoto,Tureta,2017,1,51198,
Delta,Udu,2018,1,126150,
Delta,Udu,2019,1,126150,6
Akwa Ibom,Udung Uko,2014,1,,12
Akwa Ibom,Udung Uko,2018,1,40217,
Delta,Ughelli North,2018,1,239409,
Delta,Ughelli North,2019,1,239409,6
Delta,Ughelli South,2018,1,154275,
Delta,Ughelli South,2019,1,154275,6
Abia,Ugwunagbo,2015,1,,2
Edo ,Uhunmwonde,2017,1,104799,8
Akwa Ibom,Ukanafun,2014,1,,12
Akwa Ibom,Ukanafun,2018,1,102384,
Benue,Ukum,2016,1,147595,4
Abia,Ukwa East,2015,1,,2
Abia,Ukwa West,2015,1,,2
Delta,Ukwuani,2018,1,90240,
Delta,Ukwuani,2019,1,90240,6
Abia,Umuahia North,2015,1,,2
Abia,Umuahia South,2015,1,,2
Abia,Umu-Neochi,2015,1,,2
Kano,Ungogo,2010,,,
Kano,Ungogo,2015,1,,3
Kano,Ungogo,2019,1,,10
Imo,Unuimo,2017,1,74764,11
Akwa Ibom,Uruan,2014,1,,12
Akwa Ibom,Uruan,2018,1,93131,
Akwa Ibom,Urue-Offong/Oruko,2014,1,,12
Akwa Ibom,Urue-Offong/Oruko,2018,1,59475,
Benue,Ushongo,2016,1,129887,4
Taraba,Ussa,2018,1,73483,
Taraba,Ussa,2019,1,73483,8
Delta,Uvwie,2018,1,172201,
Delta,Uvwie,2019,1,172201,6
Akwa lbom,Uyo,2010,,,
Akwa Ibom,Uyo,2014,1,,12
Akwa Ibom,Uyo,2018,1,228420,
Benue,Vandeikya,2016,1,161758,4
Sokoto,Wamako,2013,1,,12
Sokoto,Wamako,2017,1,132275,
Nasarawa,Wamba,2014,1,,10
Nasarawa,Wamba,2018,1,64918,
Kano,Warawa,2010,,,
Kano,Warawa,2015,1,,3
Kano,Warawa,2019,1,,10
Bauchi,Warji,2014,1,,10
Bauchi,Warji,2018,1,94500,
Delta,Warri North,2018,1,96516,
Delta,Warri North,2019,1,96516,6
Delta,Warri South,2018,1,239870,
Delta,Warri South,2019,1,239870,6
Delta,Warri South West,2018,1,90559,
Delta,Warri South West,2019,1,90559,6
Kebbi,Wasagu/Danko,2015,1,,1
Kebbi,Wasagu/Danko,2018,1,206150,
Plateau,Wase,2015,1,,3
Kano,Wudil,2010,,,
Kano,Wudil,2015,1,,3
Kano,Wudil,2019,1,,10
Taraba,Wukari,2018,1,180101,
Taraba,Wukari,2019,1,180101,8
Sokoto,Wurno,2013,1,,12
Sokoto,Wurno,2017,1,120648,
Niger,Wushishi,2014,1,,12
Niger,Wushishi,2019,1,,12
Sokoto,Yabo,2010,,,
Sokoto,Yabo,2013,1,,12
Sokoto,Yabo,2017,1,84708,
Kogi,Yagba East,2017,1,78756,
Kogi,Yagba West,2017,1,88998,
Cross River,Yakurr,2015,1,,9
Cross River,Yakurr,2018,1,178095,
Cross River,Yala,2015,1,,9
Cross River,Yala,2018,1,169830,
Gombe,Yamaltu/Deba,2014,1,,10
Gombe,Yamaltu/Deba,2018,1,236118,12
Jigawa,Yankwashi,2014,1,,10
Jigawa,Yankwashi,2018,1,78502,8
Kebbi,Yauri,2015,1,,1
Kebbi,Yauri,2018,1,77550,
Adamawa,Yola North,2017,1,162121,9
Adamawa,Yola South,2010,,,
Adamawa,Yola South,2017,1,172506,9
Taraba,Yorro,2018,1,73887,
Taraba,Yorro,2019,1,73887,8
Yobe,Yunusari,2018,1,96840,
Yobe,Yunusari,2019,1,96840,6
Yobe,Yusufari,2018,1,90651,
Yobe,Yusufari,2019,1,90651,6
Bauchi,Zaki,2014,1,,10
Bauchi,Zaki,2018,1,157278,
Katsina,Zango,2015,1,,1
Katsina,Zango,2018,1,124109,10
Kaduna,Zango-Kataf,2015,1,,3
Kaduna,Zango-Kataf,2018,1,251359,
Kaduna,Zango-Kataf,2019,1,251359,8
Kaduna,Zaria,2010,,,
Kaduna,Zaria,2015,1,,3
Kaduna,Zaria,2018,1,354322,
Kaduna,Zaria,2019,1,354322,8
Taraba,Zing,2018,1,105850,
Taraba,Zing,2019,1,105850,8
Zamfara,Zurmi,2015,1,,9
Kebbi,Zuru,2015,1,,1
Kebbi,Zuru,2018,1,127951,
